time_s,surge_m,sway_m,heave_m,roll_deg,pitch_deg,yaw_deg,tension_kN
0.0,0.13906853155654283,0.7730612246852292,-0.31153467384692046,0.3546242479936074,-0.8629659694875654,0.2495835416170704,1142.0476508077786
0.5,0.4100200838002143,0.8818211594401923,-0.11850039545940605,0.6156875184096385,-0.42105357867423415,0.29512509030255035,1152.9097378465083
1.0,0.6617159804761836,0.9856633452182194,0.0819796985887916,0.8418188128989773,0.05001118185327141,0.3405675267434207,1163.1994125231022
1.5,0.884844197112723,1.0802421154206678,0.27730870667441426,1.0201882255447754,0.517613332069234,0.38589558994688844,1172.4026644473734
2.0,1.0718788049827799,1.1616657766819993,0.4552133888496016,1.1406756940714553,0.9493776317366266,0.431094057330274,1180.0720716272288
2.5,1.2175484021952496,1.2266944695710227,0.6045153396456333,1.1964451771038178,1.3154101359258796,0.4761477498332316,1185.8548239583913
3.0,1.3191628937348878,1.27290482885218,0.7158333683998297,1.1843325074621176,1.5903679537794235,0.5210415370153526,1189.514803111046
3.5,1.3767780907031417,1.2988130546580887,0.7821729539664927,1.1050249160413788,1.7552139072091215,0.5657603421374412,1190.9473315135594
4.0,1.3931877894198819,1.3039501247292207,0.7993657362045399,0.9630220407122363,1.7985346027095672,0.6102891472247552,1190.1856637601438
4.5,1.3737438311103962,1.2888853161062985,0.7663314293753246,0.7663806324631333,1.717330657315105,0.6546129981105125,1187.3988126223014
5.0,1.3260154515019555,1.2551968380969956,0.6851457004686087,0.5262574432725595,1.517224366045392,0.6987170094579684,1182.8808463216412
5.5,1.2593093276457157,1.2053910728171693,0.5609097474118258,0.25627623066919225,1.2120704326262457,0.742586369759377,1177.0323296126871
6.0,1.1840804821687285,1.1427745378545442,0.4014297720434079,-0.028245207052664055,0.8229967152147698,0.78620634631016,1170.3350748565751
6.5,1.11127106297122,1.071285094229568,0.2167264877420735,-0.3111641096194197,0.37694140275062404,0.8295622901566104,1163.3217896233473
7.0,1.051618548214612,0.9952909991235841,0.018405481151638616,-0.5764286390480722,-0.09521209695174788,0.8726396410154682,1156.5425280293143
7.5,1.014976847544463,0.9193680410290332,-0.18107200951017804,-0.8089886053004308,-0.5607734231346851,0.9154239321637212,1150.5300538479091
8.0,1.0096929601498996,0.848066111590727,-0.3691720798782032,-0.9956493619044948,-0.9875086355280681,0.957900795296982,1145.7662918085289
8.5,1.0420783593940561,0.7856771065640511,-0.5340757107475448,-1.1258204244648755,-1.3458719867215079,1.0000559653548158,1142.6519751218198
9.0,1.1160083217024925,0.7360159805981173,-0.6654214005175507,-1.1921163380425865,-1.6110515728739376,1.0418752853113928,1141.4813964379198
9.5,1.2326743781576972,0.7022261104094534,-0.7549562164443162,-1.190775702271552,-1.7646872286104236,1.0833447109298617,1142.4238487754583
10.0,1.3905054459524373,0.686618882485956,-0.7970543567571431,-1.121874580179005,-1.7961417246942206,1.1244503154788443,1145.5129226023018
10.5,1.5852625980443849,0.6905556778447557,-0.7890706404740464,-0.9893221826329461,-1.7032372549138355,1.1651782944094673,1150.6443316168102
11.0,1.810301518991333,0.7143782663920497,-0.731506713851148,-0.8006390732661494,-1.49240622024699,1.205514969991361,1157.5824038873427
11.5,2.056986158568701,0.7573911571405023,-0.6279795301034776,-0.566530477760628,-1.1782458705001884,1.2454467959060724,1165.9748305300377
12.0,2.3152275944182765,0.8178968035788683,-0.484994082932249,-0.30027890644492466,-0.7825076385770267,1.2849603617963392,1175.3747452519485
12.5,2.5741142475914254,0.8932818707118221,-0.31153467384692085,-0.01699055069298285,-0.33259114255790156,1.3240423977697113,1185.268747459917
13.0,2.822593854768072,0.9801501688824397,-0.11850039545940626,0.26726179001892963,0.14035287404907068,1.3626797788549927,1195.1091081779873
13.5,3.0501643488251426,1.0744954819872639,0.08197969858879096,0.5363506230489224,0.603579317686804,1.4008595294100201,1204.3481351934024
14.0,3.2475302396367765,1.1719054852192352,0.277308706674414,0.7750087806268504,1.0250159076996428,1.4385688274792892,1212.4725381774012
14.5,3.4071832546871823,1.2677863635739723,0.4552133888496015,0.9696956260401877,1.3754837559237096,1.4757950090999683,1219.0356345270643
15.0,3.523870758061233,1.3575966877236736,0.6045153396456325,1.109365302431563,1.630717617264711,1.512525572554853,1223.6853723482964
15.5,3.5949225176231145,1.4370786322298361,0.7158333683998293,1.1860934364337952,1.7730459357348882,1.5487481825708365,1226.1864098228323
16.0,3.6204152906441287,1.5024747564589502,0.7821729539664927,1.195526739650215,1.7926143650681332,1.5844506744614784,1226.4348636597745
16.5,3.603164888548968,1.550719304086614,0.7993657362045399,1.1371299991505412,1.6880680513561965,1.619621058212287,1224.464799958896
17.0,3.548546221514658,1.5795942752530099,0.7663314293753244,1.0142164435975887,1.4666454386925398,1.6542475225073427,1220.4460596659217
17.5,3.464152632256814,1.5878423201291603,0.6851457004686089,0.8337597621360268,1.143677103028504,1.6883184386959074,1214.6735552777523
18.0,3.3593159263298156,1.5752307024357748,0.560909747411826,0.6059984414399168,0.7415243133429569,1.7218223646976896,1207.5487113466518
18.5,3.2445172591570017,1.5425630742540994,0.4014297720434078,0.3438548694636905,0.2880308106709765,1.7547480488454532,1199.5542149646803
19.0,3.130725897817833,1.491638462282326,0.21672648774207476,0.06220216393639264,-0.18540500126290319,1.7870844336636775,1191.2236627664915
19.5,3.0287074074497804,1.4251595550651805,0.01840548115163952,-0.22297967679057296,-0.6460039786051132,1.8188206595820076,1183.108011657375
20.0,2.948344733221859,1.3465949636447556,-0.18107200951017788,-0.49551042346594715,-1.0618757578543383,1.849946068582235,1175.7409413053829
20.5,2.8980148384945608,1.2600024729573354,-0.3691720798782015,-0.7399276260684315,-1.4042267401043735,1.8804502077775944,1169.6053048124645
21.0,2.884060068914347,1.1698222886712522,-0.5340757107475443,-0.9423638996306763,-1.649353665456599,1.910322832923172,1165.1027756034894
21.5,2.9103874601437476,1.0806508127756147,-0.6654214005175503,-1.091333711600335,-1.78028474904394,1.9395539118562404,1162.528597740116
22.0,2.978221167689667,0.9970064732118019,-0.7549562164443161,-1.1783850311501969,-1.7879547517872476,1.9681336278653763,1162.0530261977397
22.5,3.086023575997584,0.923099537651329,-0.7970543567571431,-1.1985788681140208,-1.671832627836285,1.9960523829872179,1163.7106232869623
23.0,3.2295900451693953,0.8626176385411783,-0.7890706404740466,-1.1507694941708722,-1.439958292443818,2.0233008012297606,1167.3980837687961
23.5,3.402311343299939,0.8185379361023777,-0.7315067138511477,-1.037669447499153,-1.1083859645856602,2.049869731721111,1172.8807253217976
24.0,3.595587276049983,0.792975488858567,-0.6279795301034777,-0.8656956327615573,-0.7000726254591968,2.0757502517826336,1179.8072365416185
24.5,3.7993655247211557,0.7870755566281178,-0.4849940829322492,-0.6446052481744015,-0.24328855235055846,2.1009336699254675,1187.7317558005193
25.0,4.002771836712816,0.8009553227138597,-0.311534673846921,-0.3869421958976152,0.23034002270408008,2.1254115287694,1196.141893667694
25.5,4.194791972159427,0.8336980042963282,-0.11850039545940645,-0.10732538450121866,0.6880206095644782,2.1491756078831195,1204.4909381336856
26.0,4.364962558439631,0.883399651048662,0.08197969858879148,0.17838069724031175,1.0980649045207649,2.172217926544892,1212.232219059403
26.5,4.5040274444571615,0.9472662477186709,0.2773087066744145,0.4539660764574804,1.4320827845786408,2.194530746422742,1218.8534725964412
27.0,4.604518314292717,1.021756173619842,0.4552133888496007,0.7037949938654025,1.6669479465221249,2.2161065741732204,1223.9090463254277
27.5,4.661223078810285,1.1027607612034263,0.6045153396456329,0.9136930225547464,1.786399096347941,2.2369381639579093,1227.047921532969
28.0,4.671512615047058,1.1858137548732683,0.7158333683998296,1.0717512758484278,1.782165827963184,2.2570185198767976,1228.035791870566
28.5,4.635505323667065,1.2663189988409491,0.7821729539664924,1.1690020762574937,1.6545412389955745,2.2763408983177253,1226.7698110964925
29.0,4.55605916516714,1.339784754112561,0.7993657362045399,1.1999277504214136,1.4123616376743786,2.2948988102211003,1223.2850832283564
29.5,4.438591675589005,1.4020527069640583,0.766331429375325,1.162773682771235,1.072394745811107,2.3126860232591233,1217.7524872870429
30.0,4.290739271091875,1.449510001706072,0.6851457004686097,1.0596478663357725,0.6581787567002572,2.3296965639288048,1210.4679732904963
30.5,4.121877248732255,1.479273495383028,0.5609097474118261,0.8964013025230888,0.19839262776597172,2.3459247195580497,1201.8340020468388
31.0,3.9425306436872356,1.4893368472350483,0.40142977204340924,0.6822960355791908,-0.2751295564499441,2.361365040224154,1192.3342949286086
31.5,3.763712960968647,1.4786729491759532,0.21672648774207356,0.4294796562981485,-0.7296026719602213,2.376012340584058,1182.5034801667102
32.0,3.596234331506505,1.4472864787438753,0.018405481151638297,0.1522960898219499,-1.1335604898582319,2.389861701615747,1172.893542871456
32.5,3.4500225635793464,1.396213897049542,-0.18107200951017766,-0.13352822895848843,-1.4590342948717612,2.402908472270214,1164.0391868200074
33.0,3.33349975022725,1.327470891723104,-0.3691720798782051,-0.41177661881387884,-1.6834893475362689,2.4151482710334276,1156.4242844256414
33.5,3.2530536024166943,1.2439499423363003,-0.5340757107475452,-0.6666622304652581,-1.7913851156940817,2.4265769873977785,1150.4515229281849
34.0,3.2126367256795283,1.1492732268451968,-0.6654214005175525,-0.883723737697565,-1.775251250004305,2.437190783242521,1146.4171540130676
34.5,3.2135190187099703,1.0476083628020214,-0.754956216444317,-1.0506458228885744,-1.6362048064458679,2.446986094122731,1144.492433397693
35.0,3.25420875110871,0.9434563705093776,-0.7970543567571431,-1.1579579054480125,-1.383872905022876,2.455959630466359,1144.7129165670517
35.5,3.330547278653362,0.8414226604738085,-0.789070640474046,-1.1995714697368252,-1.035726179530026,2.4641083786789735,1146.9762832082508
36.0,3.435971444111839,0.745982712359599,-0.7315067138511473,-1.1731255063427743,-0.615869168131574,2.471429602155817,1151.0488270026297
36.5,3.5619271752380826,0.661254383087642,-0.627979530103477,-1.0801204675716434,-0.1533713941454626,2.4779208422008447,1156.5802029564084
37.0,3.6984082912371914,0.5907884439898565,-0.48499408293224705,-0.9258331369837136,0.31974531247100507,2.483579918852433,1163.1255055978704
37.5,3.834586661601689,0.5373880182233246,-0.3115346738469199,-0.7190172429829854,0.7707239016704825,2.488404931615477,1170.1732907423852
38.0,3.959494121139124,0.5029661172842489,-0.11850039545940666,-0.47140680260646534,1.1683400940942466,2.4923942600996374,1177.1777800690015
38.5,4.062713292903851,0.48844853445136466,0.0819796985887927,-0.1970503740655816,1.485064247832173,2.495546564563518,1183.5932249295583
39.0,4.135033910954814,0.493727042218756,0.2773087066744143,0.08848600975680986,1.6989674205956027,2.497860786364593,1188.908270137463
39.5,4.169033402560028,0.5176652779742938,0.45521338884960294,0.36900200406300937,1.7952396578056764,2.499336148314732,1192.6781584832852
40.0,4.159545248452798,0.5581570179073098,0.6045153396456336,0.628582103556649,1.7672153853062544,2.499972154941203,1194.5527523981712
40.5,4.103985690990334,0.6122338701412691,0.7158333683998295,0.8524986330527866,1.6168349118709802,2.4997685926530706,1194.298612008868
41.0,4.002518260516251,0.6762169003591285,0.7821729539664923,1.0280473447242908,1.3545100885834656,2.4987255298129236,1191.813742285762
41.5,3.858045780636906,0.7459044649894683,0.7993657362045398,1.1452682130927987,0.998403426394823,2.4968433167139183,1187.1340826120615
42.0,3.6760303531865643,0.816786682378331,0.7663314293753242,1.1975105323546036,0.5731705833961287,2.4941225854621383,1180.4313309552233
42.5,3.4641526322568144,0.8842756152626993,0.6851457004686083,1.1818102543777558,0.10825328786513445,2.4905642497643146,1172.0022392994686
43.0,3.2318317946579116,0.943939437426069,0.5609097474118262,1.0990581585201777,-0.36415911049946126,2.4861695046209724,1162.2500528892742
43.5,2.9896363670690658,0.9917286544342303,0.4014297720434094,0.9539493118961861,-0.8113583256452093,2.4809398259251148,1151.6592594659971
44.0,2.7486229279457155,1.0241828531609158,0.2167264877420738,0.7547166875407267,-1.2023817496853355,2.4748769699665694,1140.765235036595
44.5,2.5196442340825613,1.0386074467951008,0.018405481151637072,0.5126640540534478,-1.5101562023836814,2.4679829728421736,1130.1206933821766
45.0,2.3126702428302948,1.0332114106364843,-0.18107200951017888,0.24152463894530393,-1.7133723894174446,2.4602601497719867,1120.2610473460527
45.5,2.1361646906217158,1.0071989913559585,-0.3691720798782024,-0.04331804709341458,-1.7979602880713104,2.45171109432177,1111.6708583170398
46.0,1.9965563975963099,0.9608107172745455,-0.534075710747543,-0.32570301727301165,-1.7580633094934113,2.442338677531982,1104.753481947708
46.5,1.8978385160650406,0.8953116201347016,-0.6654214005175508,-0.5896087270836141,-1.596443789711483,2.432146046953598,1099.8058173153352
47.0,1.8413209013186131,0.8129272682119271,-0.7549562164443169,-0.8200620812027256,-1.3242917345403367,2.4211366255910596,1096.9997460645895
47.5,1.8255511619873186,0.7167308694287603,-0.7970543567571431,-1.0039879550296194,-0.9604500602563397,2.409314110752725,1096.3714277141626
48.0,1.8464093483504809,0.6104871959307703,-0.7890706404740465,-1.1309510319390519,-0.5301099718352281,2.396682472809197,1097.8191236773246
48.5,1.8973703266305573,0.4984612813666143,-0.7315067138511473,-1.1937478669795407,-0.06306680648795462,2.3832459538599466,1101.109686655354
49.0,1.969917350929478,0.38520163681057296,-0.6279795301034771,-1.1888155853740021,0.4083428978285707,2.3690090663086854,1105.8933075850614
49.5,2.05408084411218,0.27530902944354574,-0.4849940829322472,-1.1164340276862863,0.8514802783113081,2.3539765913479584,1111.7255934686727
50.0,2.1390685315565414,0.17320260362970272,-0.3115346738469201,-0.9807098726374697,1.2356639551921895,2.338153577353469,1118.0955887876273
50.5,2.2139473316071543,0.08289525941890802,-0.11850039545940683,-0.7893436383882648,1.5342943099099788,2.321545338188677,1124.457979744264
51.0,2.268334154462595,0.007789731871997885,0.0819796985887925,-0.5531927818272514,1.726695155514734,2.304157451420237,1130.267457752571
51.5,2.2930522014345245,-0.04949424002531866,0.27730870667441415,-0.2856556840971413,1.7995452880825975,2.285995756444877,1135.0130829253676
52.0,2.2807115242153664,-0.08725284999393956,0.4552133888496028,-0.0019114728852086774,1.747800803213014,2.267066352528346,1138.2504883052718
52.5,2.226177362775403,-0.10478449424694242,0.6045153396456335,0.28194118867338774,1.5750443194371881,2.24737559675709,1139.6299012606576
53.0,2.126896831755165,-0.10242497954048713,0.7158333683998306,0.5497974843467024,1.2932369294536015,2.226930101903341,1138.9182212905657
53.5,1.983063425669637,-0.0815298760068473,0.7821729539664929,0.7864601762624418,0.9218900532740772,2.205736734204346,1136.0137669401572
54.0,1.7976090036486359,-0.044404914063086026,0.7993657362045399,0.9785018435138105,0.4867145314540452,2.183802611056464,1130.9527651549854
54.5,1.5760237545024691,0.0058120283501303105,0.7663314293753251,1.115026707484612,0.0178404907640737,2.1611350986249263,1123.9071752553414
55.0,1.326015451501956,0.06531133565264505,0.6851457004686085,1.1882888205650233,-0.4522687670312349,2.137741809370042,1115.1739841896529
55.5,1.0570294042536472,0.12980628910921993,0.5609097474118244,1.1941315443728433,-0.8910644177835023,2.1136305994907043,1105.1566456169423
56.0,0.7796592679399768,0.19475200977557788,0.4014297720434071,1.1322233830090997,-1.2681656888604689,2.0888095662860224,1094.3398290006144
56.5,0.5049857280047287,0.255577555341458,0.21672648774207395,1.0060767909864492,-1.5574633242649938,2.063287045436002,1083.2590652526326
57.0,0.24388461019433733,0.307919346163652,0.018405481151640108,0.8228488887336963,-1.7389273039428492,2.037071608202162,1072.4671961359077
57.5,0.006347886964309213,0.3478440280640763,-0.18107200951018143,0.5929353923880175,-1.7999936567195571,2.010172058549034,1062.4997354646327
58.0,-0.19913975908268783,0.3720494176247482,-0.3691720798782048,0.32938079689113026,-1.7364343484839948,1.9825974301875182,1053.841318518391
58.5,-0.3661296449277438,0.378033292325822,-0.5340757107475449,0.047138276556272764,-1.552650017412179,1.9543569835410801,1046.8953477097582
59.0,-0.49060985228391935,0.3642214260573725,-0.6654214005175507,-0.23777870621716532,-1.2613652882037683,1.925460202635807,1041.9587417132127
59.5,-0.5712528696492434,0.33004834683099293,-0.7549562164443159,-0.509204949300256,-0.8827477607749341,1.8959167919153808,1039.2033745943863
60.0,-0.6094945540475621,0.27598670214407656,-0.7970543567571429,-0.7517406683775117,-0.4430116717428548,1.8657366729820166,1038.665371121891
60.5,-0.6094394540509032,0.20352373569727134,-0.7890706404740461,-0.9516252273359034,0.027397093396175368,1.8349299812644806,1040.2429308116912
61.0,-0.5775984460405498,0.11508607364422757,-0.7315067138511474,-1.0975178690658907,0.49590897358697855,1.8035070626142968,1043.7028173629537
61.5,-0.5224751720420107,0.01391665198869474,-0.6279795301034772,-1.18114115071472,0.9300857418708732,1.7714784698312855,1048.6951056665705
62.0,-0.45402726782223063,-0.09608994502623905,-0.48499408293224966,-1.197750577105661,1.2998664218985527,1.7388549591196003,1054.7752597145718
62.5,-0.3830362373236662,-0.21058534688742314,-0.3115346738469229,-1.1464037869507293,1.579648611402665,1.70564748647546,1061.4321541119389
63.0,-0.32042556959220114,-0.3249883790555569,-0.11850039545940422,-1.0300140191640985,1.7500611086146758,1.671867204007784,1068.1202784347133
63.5,-0.2765699464641822,-0.43471790750772166,0.08197969858879231,-0.8551848257829161,1.7993051107829485,1.6375254561929613,1074.2941008555047
64.0,-0.2606389490696911,-0.535425683262208,0.2773087066744166,-0.6318354093114782,1.7239711246027827,1.6026337760650238,1079.442431783671
64.5,-0.28001650351145424,-0.6232173245690704,0.4552133888496026,-0.37263784154941193,1.5292750283576064,1.5672038813424876,1083.1206282674218
65.0,-0.33983254709503796,-0.6948501787906101,0.6045153396456334,-0.09229809415699944,1.2286969416025448,1.5312476704931823,1084.9786155789257
65.5,-0.4426363452417267,-0.7478979838878395,0.7158333683998293,0.19327832720843766,0.8430479058697942,1.4947772187383666,1084.782965226266
66.0,-0.5882319887652387,-0.7808739408636598,0.7821729539664934,0.46788880615777073,0.39902899636452654,1.4578047739974977,1082.4316420936798
66.5,-0.773686410786241,-0.7933059273180598,0.7993657362045398,0.7159528958684603,-0.07261737296501616,1.4203427527749901,1077.9604940382128
67.0,-0.9935094224944268,-0.7857600205003399,0.7663314293753243,0.9233962996381357,-0.5392359534059953,1.3824037359903707,1071.5410761238745
67.5,-1.239994458368487,-0.759811131679339,0.6851457004686086,1.0784493977003387,-0.9685196038687899,1.3440004647532056,1063.469946152091
68.0,-1.5036986234731804,-0.7179622481312988,0.5609097474118224,1.1723150146585992,-1.3307461314440256,1.3051458360842427,1054.150104038282
68.5,-1.7740318825642465,-0.6635163972926403,0.4014297720434048,1.1996675407289106,-1.6008361586201465,1.2658528985841855,1044.0657412166202
69.0,-2.0399183729220534,-0.6004078562517124,0.21672648774207137,1.1589550883812338,-1.7600895371805356,1.2261348480515655,1033.7518866118253
69.5,-2.2904882910050244,-0.5330012060489919,0.018405481151637464,1.0524875410593686,-1.797480085173143,1.1860050230511763,1023.7608563855886
70.0,-2.515756881915896,-0.46586846843976626,-0.1810720095101785,0.8863054984000011,-1.7104190036087068,1.1454769004345726,1014.6276154971313
70.5,-2.7072478710170955,-0.4035556793876267,-0.36917207987820205,0.6698375535450253,-1.5049341164175567,1.1045640908141148,1006.8362274934666
71.0,-2.8585221678992334,-0.35035079171388406,-0.534075710747547,0.4153653474445482,-1.1952525236778568,1.063280333992105,1000.7895005688425
71.5,-2.965578624955026,-0.3100647316102494,-0.6654214005175522,0.13732675111548606,-0.8028155638379236,1.021639494346526,996.7837371008982
72.0,-3.027101672050628,-0.28583676357951165,-0.7549562164443168,-0.14850328912078448,-0.3547942857195712,0.9796555561749544,994.9901732022921
72.5,-3.044540270082443,-0.27997407994325485,-0.7970543567571431,-0.42590776741939945,0.11779178584464225,0.9373426189981909,995.4442744697526
73.0,-3.0220132250187595,-0.29383378743942745,-0.7890706404740465,-0.6791477151182777,0.582222340239169,0.8947148928252016,998.0435604802119
73.5,-2.9660468143895056,-0.32775330345700837,-0.7315067138511463,-0.8938551752714333,1.0063417281262348,0.8517866933809543,1002.5540946926535
74.0,-2.8851612145660597,-0.38103270816256474,-0.6279795301034756,-1.0578483907291762,1.3607853132104555,0.808572437298747,1008.6252319365428
74.5,-2.7893317175266286,-0.451969951812517,-0.4849940829322476,-1.1618229548189498,1.621012583408475,0.7650866372786536,1015.8116968147364
75.0,-2.689358593189646,-0.5379471237682396,-0.31153467384692046,-1.1998797111323904,1.7690062554700117,0.7213438972136997,1023.601605722034
75.5,-2.5961851934804274,-0.635563388325558,-0.11850039545940723,-1.1698594512144964,1.7945197326154332,0.6773589072854264,1031.448671722927
76.0,-2.5202071464051685,-0.7408078149677356,0.08197969858878928,-1.073465420567911,1.6957865453118612,0.6331464390304582,1038.8065687092896
76.5,-2.47061604819878,-0.8492632981762956,0.2773087066744164,-0.9161666824062558,1.4796426558337221,0.5887213403797671,1045.1632955849186
77.0,-2.4548188939157156,-0.9563311780342819,0.4552133888496024,-0.7068878219622491,1.161053158640898,0.5440985306722689,1050.0733812238016
77.5,-2.477969727849896,-1.0574651182253008,0.6045153396456333,-0.45750259645266356,0.7620761462888775,0.49929299564443613,1053.1859066228146
78.0,-2.542642943925825,-1.1484023263986034,0.7158333683998293,-0.18216025924627963,0.3103354793993077,0.4543197823976305,1054.2665834923014
78.5,-2.64866876575351,-1.2253803372634358,0.7821729539664922,0.10351721973336571,-0.16289179890765046,0.40919399434480674,1053.2125019855744
79.0,-2.7931412456328535,-1.2853283142971343,0.7993657362045398,0.383321490438358,-0.6248409829632672,0.3639307861383164,1050.0586208950685
79.5,-2.9705982817295964,-1.3260231241289409,0.7663314293753243,0.6413774283027494,-1.0435282253788702,0.3185453585805015,1044.9755924958138
80.0,-3.173362344045882,-1.3462022323579883,0.6851457004686087,0.8630438337899567,-1.3899649938067973,0.2730529535187865,1038.2590586946174
80.5,-3.3920205018178358,-1.3456276693462774,0.5609097474118266,1.0357441233105702,-1.6401651419053063,0.22746884872699058,1030.3110910343466
81.0,-3.6160135920845313,-1.325097807325041,0.40142977204340985,1.1496798809869215,-1.776805631492712,0.1818083527745765,1021.6149407349508
81.5,-3.8342975113633044,-1.2864063489670765,0.21672648774207706,1.1983867868103473,-1.7904259229319448,0.13608679988554576,1012.7046853096293
82.0,-4.036035080536989,-1.2322506169516236,0.01840548115164334,1.1791013797542502,-1.6800829918865254,0.09031954478873516,1004.1316789633074
82.5,-4.21127501196104,-1.1660938169688484,-0.18107200951017277,1.0929178469750636,-1.453416621234705,0.04452195756121026,996.4299148124709
83.0,-4.35157531814211,-1.0919882914876224,-0.36917207987820694,0.9447259434252556,-1.1261204475436049,-0.0012905815334864968,990.0824753414805
83.5,-4.450531992207839,-1.0143687689806562,-0.5340757107475468,0.7429335641044029,-0.7208553851119293,-0.04710268721049759,985.4911791343876
84.0,-4.504179742436309,-0.9378261419156533,-0.665421400517552,0.49898970923721675,-0.26568065853868583,-0.09289897433053074,982.9513310893173
84.5,-4.511239602353508,-0.8668732988035158,-0.7549562164443167,0.22673490768108945,0.20788892601916892,-0.13866406306665807,982.6331626537213
85.0,-4.473197859203835,-0.805714940405956,-0.7970543567571431,-0.05838404671236552,0.6670649627300351,-0.18438258406934244,984.5711282619757
85.5,-4.394211342410117,-0.7580331072226656,-0.7890706404740466,-0.3401904926445034,1.0800556078379882,-0.23003918362795267,988.6617305245137
86.0,-4.280845024003998,-0.7267993449427153,-0.7315067138511487,-0.6026957090661855,1.4182667427213753,-0.2756185288270173,994.6700108266526
86.5,-4.14165841938645,-0.7141230774358238,-0.6279795301034792,-0.8310060597959289,1.658281736944195,-0.3211053126954937,1002.2442975175027
87.0,-3.9866667771321693,-0.7211439122160407,-0.4849940829322522,-1.0121680068180419,1.783482738995576,-0.3664842593473365,1010.9382850163726
87.5,-3.8267109139387023,-0.747973365110749,-0.31153467384692585,-1.1359030491348823,1.785201241860618,-0.41174012911160907,1020.239056537361
88.0,-3.672775290904372,-0.7936889731398588,-0.11850039545940744,-1.1951908892899339,1.6633182620336142,-0.45685772365045013,1029.5992896751932
88.5,-3.5352971794281007,-0.8563810956222122,0.08197969858879474,-1.1866677407143342,1.4262725775460263,-0.5018218910631501,1038.4716212725718
89.0,-3.423510324816951,-0.9332500192536208,0.27730870667441626,-1.1108171773184845,1.0904764546350734,-0.5466175309746218,1046.3430123154585
89.5,-3.3448643479900624,-1.0207484200972363,0.45521338884960233,-0.9719426971843579,0.6791793162233858,-0.5912295996065988,1052.7669536026801
90.0,-3.3045563666849564,-1.1147619246572675,0.6045153396456331,-0.7779235569995154,0.2208580280797164,-0.6356431148297952,1057.3914886100708
90.5,-3.3052042663282646,-1.21081857119662,0.7158333683998291,-0.5397677303408149,-0.25275474602922177,-0.679843161195372,1059.9812927921143
91.0,-3.346682150283743,-1.3043165000949586,0.7821729539664921,-0.2709873534054175,-0.7088676099688728,-0.7238148949440205,1060.4324220216463
91.5,-3.4261283087836665,-1.3907582733373476,0.79936573620454,0.013167906766280843,-1.1159008040259317,-0.7675435489909516,1058.7788034948496
92.0,-3.5381252057863164,-1.465979885489401,0.7663314293753261,0.2965760655457781,-1.4456726839629728,-0.8110144378851535,1055.190061281733
92.5,-3.67504017440337,-1.5263627989586568,0.6851457004686088,0.5631575262482399,-1.6753509256954238,-0.854212962741222,1049.9608131799928
93.0,-3.8275054135505253,-1.56901820118597,0.5609097474118268,0.7977873807192586,-1.7890333605743949,-0.8971246161421219,1043.4921114211697
93.5,-3.9850071255868835,-1.591934096594293,0.40142977204340513,0.9871535442031892,-1.778848989421994,-0.9397349870112344,1036.266193410255
94.0,-4.136546776899089,-1.5940777395470596,0.2167264877420718,1.1205120368947492,-1.6455029447158411,-0.982029765452047,1028.8161290366775
94.5,-4.271332931557296,-1.575448189771623,0.018405481151637853,1.1902965601164035,-1.3982276695275215,-1.0239947475538635,1021.6922717633538
95.0,-4.379460187072169,-1.5370763127716913,-0.1810720095101781,1.192547781881804,-1.0541436934251764,-1.0656158401619265,1015.4276215323814
95.5,-4.452532551626073,-1.4809722252285724,-0.3691720798782017,1.1271379756703326,-0.6370742631215938,-1.1068790656103307,1010.5042759020262
96.0,-4.484192093019739,-1.4100228628669447,-0.5340757107475425,0.9977782671872022,-0.17589589895647342,-1.1477705664161744,1007.3230774535557
96.5,-4.470519641624408,-1.3278448893293129,-0.6654214005175487,0.8118080779530775,0.2974609207243017,-1.1882766099333217,1006.1783646745274
97.0,-4.410282368869544,-1.2386004398065928,-0.7549562164443167,0.5797787119641445,0.7502225212318345,-1.228383592964262,1007.2394128563702
97.5,-4.30501268409271,-1.146785086597084,-0.7970543567571431,0.3148547112724478,1.1510411733485244,-1.268078046328494,1010.5397311872844
98.0,-4.158913491389815,-1.0569988289496974,-0.7890706404740466,0.03206694549585107,1.472165507351713,-1.3073466393858886,1015.9748885891977
98.5,-3.978595758468219,-0.9737117743913158,-0.7315067138511488,-0.25254018762961944,1.691361926893507,-1.346176184513541,1023.3090049564973
99.0,-3.772664885884099,-0.9010364491820629,-0.6279795301034758,-0.5228190657701869,1.7934539903376054,-1.384553641534586,1032.189499976481
99.5,-3.5511818653994753,-0.8425183378079264,-0.4849940829322479,-0.7634350021206077,1.7713731778348747,-1.4224661220974986,1042.1691728585156
100.0,-3.3250330835812107,-0.8009553227138602,-0.3115346738469208,-0.9607362823861406,1.626648292469468,-1.4599008940044054,1052.7342256721593
100.5,-3.105248366847647,-0.7782552231165203,-0.1185003954594076,-1.1035287157370877,1.3692996109441706,-1.4968453854869543,1063.3364695368912
101.0,-2.90231011627729,-0.7753386907251645,0.0819796985887889,-1.1837107543993204,1.0171451124646183,-1.5332871894283064,1073.4276900833022
101.5,-2.7254969402867184,-0.7920924094297335,0.27730870667441604,-1.1967331473964105,0.5945668202605227,-1.5692140675298427,1082.494012931753
102.0,-2.5823030255876236,-0.8273749832113233,0.45521338884960216,-1.1418570492830915,0.13082267021337687,-1.6046139544211557,1090.0881099344997
102.5,-2.4779697278498976,-0.8790752122576722,0.6045153396456331,-1.0221959396751223,-0.34197921272625315,-1.6394749617119866,1095.8572226010986
103.0,-2.415158812253921,-0.9442197882784777,0.715833368399829,-0.8445389752066742,-0.7911035758705434,-1.673785381984715,1099.565241949679
103.5,-2.393787873665573,-1.0191249222872518,0.7821729539664921,-0.6189657963129653,-1.1854545203952846,-1.707533692726083,1101.1074574842578
104.0,-2.411038275760733,-1.0995841799168689,0.7993657362045398,-0.35827464336627307,-1.49772847945249,-1.7407085601968064,1100.5170486249651
104.5,-2.4615351083623755,-1.1810829546928212,0.7663314293753244,-0.0772562288737594,-1.7063046276469322,-1.7732988432378036,1097.9629107710123
105.0,-2.537687853654319,-1.2590286525791377,0.6851457004686089,0.208145436288146,-1.7967418361207008,-1.8052935970117465,1093.7389526539475
105.5,-2.6301703539449903,-1.3289848606765844,0.560909747411827,0.4817376507916159,-1.762778528982083,-1.8366820766786818,1088.2455375297714
106.0,-2.728509920766497,-1.3868975699703145,0.4014297720434053,0.727997740609673,-1.6067662142969568,-1.8674537410044776,1081.964234390732
106.5,-2.8217485672846,-1.4293019268357596,0.21672648774207195,0.9329537617414642,-1.339506673377784,-1.8975982559009053,1075.42746573441
107.0,-2.8991348141659414,-1.45349897999368,0.01840548115163805,1.0849772198905727,-0.9795040808501495,-1.9271054978961462,1069.184959096457
107.5,-2.950802597950781,-1.4576934182200447,-0.1810720095101779,1.175442830928981,-0.5516838362522106,-1.9559655575345793,1063.7691103852703
108.0,-2.968394621323194,-1.4410852814867119,-0.36917207987820155,1.1992178896247392,-0.08566681106782445,-1.984168742704671,1059.6614354329524
108.5,-2.945590975538458,-1.4039109730855661,-0.5340757107475422,1.1549534815477465,0.3862815033276569,-2.0117055818939047,1057.2622178008314
109.0,-2.8785098173158055,-1.3474314832091896,-0.6654214005175487,1.045161015799407,0.8314849525346933,-2.0385668273696025,1056.8652600458743
109.5,-2.7659549217445307,-1.2738684238352356,-0.7549562164443165,0.8760697363643253,1.2191191089586517,-2.0647434582846076,1058.639324985568
110.0,-2.609494554047561,-1.186291133575785,-0.7970543567571431,0.6572732963961463,1.5223454541442312,-2.0902266837067636,1062.6174331420423
110.5,-2.4133667018578424,-1.088460603950546,-0.7890706404740457,0.40118544758751673,1.7201695898256293,-2.115007945571184,1068.6946889139354
111.0,-2.1842166200269597,-0.9846381783252135,-0.7315067138511466,0.12233572692307683,1.7988948212498173,-2.1390789215543298,1076.6347721334848
111.5,-1.9306831763638082,-0.8793687694526936,-0.627979530103476,-0.16345489889222575,1.7530704714280483,-2.1624315278688875,1086.0846871885767
112.0,-1.6628599870548146,-0.7772496397324364,-0.48499408293224805,-0.4399716602511692,1.5858692681450437,-2.1850579219785735,1096.596843036529
112.5,-1.3916651979038184,-0.6826965238243963,-0.31153467384692096,-0.6915259544741537,1.3088676746863273,-2.2069505052318963,1107.6570768096728
113.0,-1.128159507612482,-0.5997190086470778,-0.11850039545940781,-0.9038454627512227,0.9412443734641237,-2.2281019254140237,1118.7168602551935
113.5,-0.882855281430678,-0.5317166141560449,0.0819796985887887,-1.0648839120459184,0.5084523969084614,-2.2485050792158834,1129.227665428907
114.0,-0.6650601632984489,-0.4813059636680913,0.27730870667441054,-1.1655045388770435,0.04045684292827055,-2.268153114619681,1138.6753303888293
114.5,-0.48229642690352925,-0.4501878485963841,0.4552133888495973,-1.1999984776121213,-0.4303398102522455,-2.287039433200021,1146.6122656343816
115.0,-0.33983254709503885,-0.4390609599873093,0.6045153396456366,-1.166408661717427,-0.8713411454813064,-2.3051576923398622,1152.6854777109143
115.5,-0.2403564218496569,-0.44758668174720606,0.7158333683998315,-1.0666408609302576,-1.252013675762942,-2.3225018073605677,1156.6586492220113
116.0,-0.1838107745364853,-0.47440673904159303,0.7821729539664933,-0.9063555544891049,-1.5460008828180956,-2.339065953565335,1158.4268879496408
116.5,-0.16740107581974795,-0.517212802572863,0.7993657362045399,-0.6946467751599213,-1.7329480560223023,-2.3548445681953036,1158.0232184089275
117.0,-0.18577548447415065,-0.572864502481433,0.7663314293753245,-0.4435261453353436,-1.799911585853399,-2.3698323522977116,1155.6164080172814
117.5,-0.23136549778833443,-0.6375498393228844,0.685145700468609,-0.16724137921036974,-1.7422551369900021,-2.384024272505444,1151.5002645353673
118.0,-0.29486590424058773,-0.70697981959803,0.5609097474118271,0.1185320831409202,-1.5639706529728001,-2.397415562727399,1146.07507732842
118.5,-0.3658238782424421,-0.7766073996967223,0.40142977204341035,0.39758044590676683,-1.2774019671180539,-2.410001725749086,1139.822368628682
119.0,-0.4333001989356388,-0.8418595836904186,0.21672648774207764,0.654071472117834,-0.9023901559577399,-2.421778534742938,1133.2745413365328
119.5,-0.48656104319808013,-0.8983708502659913,0.01840548115164393,0.8734527499010472,-0.4648998081329492,-2.4327420346878044,1126.9813305666607
120.0,-0.5157568819158976,-0.9422060163754886,-0.1810720095101722,1.0432773458930498,0.004778678620417307,-2.442888543697177,1121.4751669775421
120.5,-0.5125458189218107,-0.9700611833333168,-0.3691720798782064,1.1539100011003292,0.47412630532904576,-2.452214654255681,1117.2376282985858
121.0,-0.47062220286734957,-0.9794325277066311,-0.5340757107475463,1.1990738021003144,0.9106469806845966,-2.4607172343634236,1114.6690870932316
121.5,-0.386117294344314,-0.9687443375293532,-0.6654214005175517,1.1762063113543018,1.2841174438947012,-2.4683934285878206,1114.0634619643652
122.0,-0.25784680981012437,-0.9374297706655048,-0.7549562164443165,1.0866049510323994,1.5686798241983102,-2.4752406590225373,1115.5896587396687
122.5,-0.08738978516735763,-0.8859602207744817,-0.7970543567571431,0.9353533917762479,1.744631955083826,-2.4812566261532325,1119.2808678177305
123.0,0.12100619934151158,-0.815821794578488,-0.7890706404740467,0.7310331228459481,1.799791487721131,-2.486439309629806,1125.032390223486
123.5,0.3606874808998133,-0.729440098610986,-0.731506713851149,0.4852365681614288,1.730339356864979,-2.4907869689448954,1132.608129030551
124.0,0.6230079741404018,-0.6300571670610562,-0.6279795301034796,0.21190937234656196,1.5410842004149308,-2.4942981440183924,1141.655338330273
124.5,0.8978680406719997,-0.5215668005581839,-0.48499408293225277,-0.073440826813527,1.2451294250882727,-2.496971655687787,1151.7267030743785
125.0,1.1743447119666193,-0.4083167045466956,-0.3115346738469264,-0.3546242479935893,0.8629659694875863,-2.4988066061041616,1162.3083624914045
125.5,1.441373669384418,-0.29488750733359403,-0.11850039545940239,-0.6156875184096363,0.4210535786742239,-2.4998023790337207,1172.8521163194935
126.0,1.6884401330041996,-0.18585991578560312,0.08197969858879417,-0.8418188128989749,-0.05001118185329075,-2.4999586400647416,1182.8097902753846
126.5,1.906235251136428,-0.08558187099171038,0.2773087066744157,-1.0201882255447732,-0.5176133320692368,-2.499275336719877,1191.6676015056019
127.0,2.087236750093366,0.0020524337923508718,0.4552133888496018,-1.1406756940714537,-0.9493776317366361,-2.497752698473782,1198.9783647658487
127.5,2.226177362775404,0.07380041494187656,0.6045153396456365,-1.1964451771038174,-1.3154101359258934,-2.495391236676049,1204.389515748476
128.0,2.320371605877163,0.12723575991939884,0.7158333683998314,-1.1843325074621187,-1.5903679537794253,-2.4921917443794768,1207.665190800671
128.5,2.36988037596773,0.16087149974002293,0.7821729539664921,-1.1050249160413816,-1.755213907209124,-2.4881552960737445,1208.7009757336346
129.0,2.3775030251070293,0.174235222601179,0.79936573620454,-0.9630220407122412,-1.7985346027095674,-2.4832832473245583,1207.5303970497346
129.5,2.348597416725207,0.16789259706178003,0.7663314293753262,-0.7663806324631399,-1.7173306573151037,-2.4775772343184146,1204.3227477676003
130.0,2.2907392710918697,0.143418006591729,0.685145700468612,-0.5262574432725677,-1.5172243660453848,-2.471039173313115,1199.372384502869
130.5,2.213242207693819,0.10331379179128758,0.5609097474118312,-0.25627623066920174,-1.2120704326262486,-2.4636712599942294,1193.0801683533446
131.0,2.12656864472905,0.05088221482750001,0.40142977204341546,0.028245207052653272,-0.8229967152147647,-2.4554759687377103,1185.9282157695975
131.5,2.0416685737354623,-0.009943330738383133,0.21672648774207237,0.3111641096194247,-0.3769414027506106,-2.4464560517789273,1178.4495459488467
132.0,1.9692877592032976,-0.07479926526314747,0.018405481151638443,0.5764286390480687,0.09521209695177041,-2.436614538288377,1171.1945319587544
132.5,1.9192888341189824,-0.1391146858197051,-0.18107200951017755,0.8089886053004279,0.5607734231346914,-2.4259547333543887,1164.6962636296803
133.0,1.900027952046047,-0.19834479221283918,-0.3691720798782012,0.9956493619044915,0.9875086355280803,-2.414480216873181,1159.4369986300649
133.5,1.9178261654816073,-0.24820298378773015,-0.534075710747542,1.125820424464876,1.3458719867215059,-2.4021948423466117,1155.8178097635318
134.0,1.9765687481797367,-0.2848798023241969,-0.6654214005175485,1.1921163380425857,1.6110515728739407,-2.3891027355880583,1154.133335694393
134.5,2.077457639894279,-0.3052375664520815,-0.7549562164443145,1.190775702271554,1.764687228610427,-2.375208293336835,1154.5532216395043
135.0,2.218932570698627,-0.30697078144914347,-0.7970543567571425,1.121874580179008,1.7961417246942208,-2.3605161817816347,1157.1114162076356
135.5,2.396765823229737,-0.2887241518988612,-0.7890706404740477,0.9893221826329561,1.7032372549138333,-2.345031334993474,1161.7039969352722
136.0,2.604324680840809,-0.2501621846612547,-0.7315067138511467,0.8006390732661436,1.4924062202469812,-2.3287589532686765,1168.0956611767665
136.5,2.8329850732695014,-0.19198683590229995,-0.6279795301034762,0.5665304777606295,1.178245870500168,-2.311704501382457,1175.9344745290257
137.0,3.072670431076275,-0.11590230288844644,-0.4849940829322483,0.3002789064449191,0.7825076385770179,-2.293873706753668,1184.7739501179994
137.5,3.3124818927214874,-0.0245287540295607,-0.31153467384692135,0.016990550692986706,0.33259114255788413,-2.275272557521367,1194.101071447516
138.0,3.5413802680685142,0.07873060794092274,-0.11850039545940819,-0.26726179001893313,-0.14035287404907085,-2.2559073005337957,1203.368498053458
138.5,3.748876909992473,0.1898623772572398,0.08197969858878831,-0.536350623048918,-0.603579317686813,-2.235784439250508,1212.02893038349
139.0,3.9256900859830406,0.30444686601783516,0.27730870667441015,-0.7750087806268394,-1.0250159076996572,-2.2149107315582954,1219.569474648746
139.5,4.064325609328534,0.41788272592135356,0.455213388849597,-0.9696956260401836,-1.3754837559237096,-2.193293187501682,1225.5438483939092
140.0,4.159545248452797,0.5256208274448899,0.604515339645629,-1.1093653024315575,-1.630717617264716,-2.170939066928725,1229.6004032059498
140.5,4.2086934842218255,0.623395481434261,0.7158333683998261,-1.186093436433794,-1.7730459357348876,-2.1478558770529412,1231.5042038046065
141.0,4.211862085488024,0.7074412234690056,0.7821729539664908,-1.1955267396502165,-1.792614365068133,-2.1240513699321384,1231.1517762153042
141.5,4.171882163548283,0.7746841168859762,0.7993657362045399,-1.1371299991505395,-1.6880680513561936,-2.0995335398650425,1228.5775983519309
142.0,4.094144206257173,0.8228978285229831,0.7663314293753246,-1.0142164435975913,-1.4666454386925296,-2.074310620706553,1223.9519251898816
142.5,3.9862574011370153,0.8508165259403326,0.6851457004686092,-0.8337597621360227,-1.1436771030285027,-2.0483910831025582,1217.5700851875292
143.0,3.8575696548188287,0.858198844660407,0.5609097474118273,-0.605998441439921,-0.7415243133429464,-2.021783631645234,1209.8339205053303
143.5,3.7185784690376487,0.8458396667631363,0.40142977204341074,-0.3438548694637034,-0.28803081067095904,-1.994497201949761,1201.2265372040522
144.0,3.580269691216748,0.8155291109892213,0.216726487742078,-0.06220216393639756,0.18540500126290813,-1.966540957653469,1192.2819519604282
144.5,3.4534256895061826,0.769960823877031,0.01840548115164432,0.22297967679055763,0.6460039786051267,-1.9379242873383986,1183.5515425073254
145.0,3.347946423240376,0.7125942443795811,-0.1810720095101718,0.49551042346594076,1.0618757578543345,-1.9086568013783292,1175.5694098374574
145.5,3.272226069437405,0.6474778592845252,-0.36917207987819595,0.7399276260684193,1.4042267401043786,-1.8787483287112983,1168.8188285857632
146.0,3.232624375096098,0.5790424541304915,-0.5340757107475376,0.9423638996306706,1.6493536654565932,-1.8482089135387563,1163.7018936295326
146.5,3.233065953000123,0.5118748929277885,-0.6654214005175452,1.0913337116003274,1.7802847490439397,-1.817048811952393,1160.514270113433
147.0,3.274792699499816,0.4504839519735711,-0.7549562164443163,1.1783850311501982,1.7879547517872472,-1.7852784884898323,1159.4266334378678
147.5,3.3562848914476815,0.39907013786325235,-0.7970543567571431,1.1985788681140208,1.6718326278362794,-1.7529086126203042,1160.4739653923082
148.0,3.4733559206536855,0.3613112168173364,-0.7890706404740467,1.1507694941708753,1.4399582924438015,-1.7199500551615066,1163.5533789830063
148.5,3.6194147138637396,0.34017438200767286,-0.7315067138511492,1.0376694474991555,1.1083859645856564,-1.6864138846288483,1168.4306086134843
149.0,3.7858793498876677,0.33776462845788446,-0.6279795301034798,0.8656956327615666,0.7000726254591805,-1.6523113635182882,1174.7547577984858
149.5,3.9627158851506143,0.3552170604496906,-0.484994082932253,0.6446052481744056,0.24328855235055985,-1.6176539445240399,1182.0803777391202
150.0,4.139068531556543,0.3926386181671674,-0.3115346738469268,0.38694219589762996,-0.23034002270408818,-1.5824532666923965,1189.8954894602596
150.5,4.3039415904709495,0.44910219258297884,-0.118500395459414,0.1073253845012257,-0.688020609564468,-1.5467211515129822,1197.653788753645
151.0,4.446890294522703,0.5226934286026829,0.08197969858878246,-0.17838069724029423,-1.0980649045207638,-1.510469598948714,1204.8090103474178
151.5,4.558677149133854,0.6106078322106787,0.27730870667440466,-0.4539660764574719,-1.4320827845786284,-1.4737107834058463,1210.8492920489653
152.0,4.631852533385258,0.7092932345575443,0.4552133888495921,-0.7037949938653881,-1.666947946522122,-1.4364570496454205,1215.3293796079902
152.5,4.661223078810285,0.8146303551588986,0.6045153396456325,-0.9136930225547405,-1.7863990963479441,-1.3987209086375132,1217.8986487205743
153.0,4.644178395954515,0.9221422653653889,0.7158333683998287,-1.0717512758484264,-1.7821658279631827,-1.3605150333596572,1218.3231834177836
153.5,4.580855618990369,1.0272220808994466,0.782172953966492,-1.1690020762574913,-1.6545412389955663,-1.3218522545408544,1216.5005235399997
154.0,4.474131429084067,1.125367283547869,0.79936573620454,-1.1999277504214136,-1.4123616376743795,-1.282745556352625,1212.4661546248824
154.5,4.329442057277481,1.212408734365332,0.7663314293753263,-1.1627736827712383,-1.072394745811098,-1.2432080720485024,1206.3913323898353
155.0,4.1544425762481465,1.284722711187486,0.6851457004686122,-1.0596478663357738,-0.6581787567002615,-1.2032530795534948,1198.572378467619
155.5,3.9585268883027993,1.3394151680964725,0.5609097474118315,-0.8964013025230992,-0.19839262776596997,-1.1628939970049232,1189.4121199447852
156.0,3.7522385698495553,1.374468829665234,0.4014297720434158,-0.6822960355791948,0.2751295564499332,-1.1221443782462062,1179.3946388848844
156.5,3.5466095904048527,1.388845626231809,0.2167264877420837,-0.429479656298165,0.7296026719602112,-1.0810179082750424,1169.0549183752182
157.0,3.3524684560222218,1.3825392516580652,0.0184054811516502,-0.152296089821959,1.1335604898582134,-1.0395283986475652,1158.9452923046767
157.5,3.1797612481292474,1.3565751660957817,-0.18107200951017716,0.13352822895848776,1.4590342948717658,-0.9976897828399964,1149.6008069121485
158.0,3.0369282184171,1.3129580437588624,-0.36917207987820083,0.4117766188138682,1.683489347536274,-0.9555161115693339,1141.5056705210789
158.5,2.9303751095603165,1.2545693431763478,-0.5340757107475417,0.6666622304652556,1.7913851156940819,-0.9130215480746975,1135.0628994996878
159.0,2.864072419497776,1.1850202184693528,-0.6654214005175483,0.8837237376975544,1.7752512500043036,-0.8702203633608563,1130.5690676544548
159.5,2.8393077877671278,1.1084672653983065,-0.7549562164443144,1.050645822888571,1.6362048064458699,-0.8271269314055872,1128.1957455957252
160.0,2.854607061090194,1.0294004893517097,-0.7970543567571425,1.1579579054480096,1.3838729050228749,-0.7837557243324323,1127.9787962575103
160.5,2.9058289965969593,0.9524142976311845,-0.7890706404740477,1.199571469736825,1.0357261795300403,-0.7401213075505266,1129.816199121308
161.0,2.986427650712921,0.8819731832316514,-0.7315067138511515,1.1731255063427777,0.6158691681315784,-0.6962383348630554,1133.4745398027535
161.5,3.087865965357431,0.822184037759321,-0.6279795301034835,1.0801204675716538,0.1533713941454545,-0.6521215435460663,1138.6037571821907
162.0,3.2001545627481707,0.7765866933958491,-0.4849940829322577,0.9258331369837234,-0.3197453124709879,-0.6077857493992166,1144.7592214073004
162.5,3.312481892721479,0.7479733651107516,-0.31153467384693223,0.7190172429830047,-0.7707239016704783,-0.5632458417701701,1151.4297554692314
163.0,3.4138961363965996,0.7382461919600526,-0.11850039545941982,0.47140680260647966,-1.1683400940942335,-0.5185167785542945,1158.0698395960799
163.5,3.4939960179045335,0.7483201352987139,0.08197969858878792,0.19705037406559275,-1.4850642478321812,-0.47361358117131624,1164.1339748848065
164.0,3.5435871161109196,0.7780761809646802,0.2773087066743991,-0.08848600975679007,-1.698967420595595,-0.42855132952067804,1169.1110469188493
164.5,3.555262435961316,0.8263672296887178,0.4552133888495966,-0.36900200406299866,-1.7952396578056766,-0.38334515691720944,1172.5565301187107
165.0,3.5238707580612356,0.8910763757115087,0.6045153396456212,-0.6285821035566321,-1.767215385306261,-0.33801024500891924,1174.1205092466193
165.5,3.4468433363489837,0.9692246046018318,0.715833368399826,-0.8524986330527787,-1.6168349118709797,-0.2925618186784875,1173.5697573091818
166.0,3.3243584141699793,1.0571224235412686,0.7821729539664931,-1.0280473447242895,-1.354510088583439,-0.24701514093030202,1170.8024825595226
166.5,3.1593332194695836,1.1505576991416582,0.7993657362045403,-1.145268213092794,-0.9984034263948375,-0.20138550776465913,1165.8548179271502
167.0,2.957243939886117,1.2450101332181664,0.7663314293753247,-1.197510532354603,-0.5731705833961089,-0.1556882430408616,1158.8986450567315
167.5,2.725784987126761,1.3358814498317182,0.6851457004686152,-1.1818102543777584,-0.10825328786515183,-0.10993869333102657,1150.2308896147301
168.0,2.474388957999915,1.418729566479528,0.5609097474118275,-1.0990581585201806,0.3641591104994818,-0.06415222276618857,1140.2549604138587
168.5,2.213637452368278,1.4894948193295559,0.40142977204342084,-0.9539493118961956,0.8113583256451937,-0.01834420787657672,1129.4554985376092
169.0,1.9545997660962429,1.5447067172068671,0.2167264877420784,-0.7547166875407322,1.2023817496853417,0.027469967572332294,1118.368023003871
169.5,1.7081410088972198,1.5816606910214268,0.018405481151656078,-0.5126640540534657,1.5101562023836614,0.07327491774614198,1107.5453801754795
170.0,1.4842431180841031,1.5985558339421932,-0.18107200951017144,-0.24152463894531498,1.713372389417445,0.11905525990860756,1097.5231049573908
170.5,1.2913814288851428,1.59458661499218,-0.3691720798781855,0.04331804709339474,1.7979602880713086,0.16479561958760713,1088.785870196342
171.0,1.135995971119068,1.5699838936162083,-0.5340757107475372,0.3257030172730007,1.758063309493411,0.2104806357384062,1081.7371323227007
171.5,1.0220907099774834,1.526003145693301,-0.6654214005175513,0.5896087270836117,1.5964437897114703,0.2560949659023485,1076.6738804423592
172.0,0.9509859094224666,1.4648605008398097,-0.7549562164443124,0.8200620812027143,1.3242917345403484,0.30162329135933846,1073.7680754177118
172.5,0.9212391754127953,1.3896198496634895,-0.797054356757143,1.0039879550296154,0.9604500602563218,0.34705032227237353,1073.0559451199965
173.0,0.9287401373617887,1.3040367724264372,-0.7890706404740486,1.1309510319390466,0.5301099718352448,0.3923608028223103,1074.4358084030055
173.5,0.9669728158663131,1.212367240356929,-0.7315067138511493,1.1937478669795398,0.06306680648794646,0.43753951633128363,1077.674564457149
174.0,1.0274291883691535,1.119150835547121,-0.6279795301034872,1.1888155853740041,-0.4083428978285412,0.4825712903729106,1082.4224397251144
174.5,1.1001479640640763,1.0289795335505048,-0.4849940829322534,1.1164340276862903,-0.8514802783113097,0.5274410018676922,1088.2350657074187
175.0,1.1743447119666228,0.9462638283149358,-0.31153467384693756,0.980709872637481,-1.2356639551921629,0.5721335821617959,1094.6015003594157
175.5,1.2390937459923417,0.8750081144793465,-0.1185003954594144,0.7893436383882702,-1.5342943099099764,0.6166340220876064,1100.9764323237482
176.0,1.2840189187754498,0.8186067704298459,0.08197969858878207,0.553192781827269,-1.7266951555147347,0.6609273770042423,1106.8145444194236
176.5,1.2999499161699297,0.7796713308790697,0.27730870667440427,0.2856556840971523,-1.799545288082597,0.7049987718164703,1111.604877134887
177.0,1.2795028120730894,0.759897553833413,0.45521338884960116,0.001911472885215733,-1.7478008032130088,0.7488334059701901,1114.9030328724418
177.5,1.2175484021952534,0.7599791543376724,0.6045153396456248,-0.2819411886733726,-1.5750443194371966,0.7924165584229488,1116.3591973651996
178.0,1.1115388866445746,0.7795725998844156,0.7158333683998285,-0.5497974843466961,-1.293236929453596,0.8357335925877323,1115.7402175105328
178.5,0.9616723716459377,0.8173147609697133,0.7821729539664894,-0.78646017626243,-0.9218900532741032,0.8787699612483619,1112.944348321573
179.0,0.7708848511206218,0.8708925175002662,0.7993657362045401,-0.9785018435138064,-0.4867145314540374,0.9215112114449387,1108.0077423250275
179.5,0.5446701689182768,0.9371607747959202,0.7663314293753296,-1.1150267074846063,-0.017840490764103906,0.9639429893275684,1101.1022735865288
180.0,0.29073927109187453,1.0123028766393272,0.6851457004686125,-1.1882888205650224,0.4522687670312304,1.0060510449768585,1092.524833022458
180.5,0.018540155598542135,1.0920252428485446,0.5609097474118319,-1.1941315443728453,0.8910644177835039,1.0478212371894666,1082.6787675482258
181.0,-0.2613313203028338,1.1717763152328045,0.4014297720434161,-1.1322233830091035,1.268165688860461,1.0892395382271844,1072.0486292452085
181.5,-0.5377927568752501,1.246978657365265,0.21672648774207312,-1.0060767909864508,1.5574633242650073,1.1302920385278639,1061.16982108538
182.0,-0.7999671030372,1.3132623834645687,0.018405481151650593,-0.8228488887337047,1.7389273039428466,1.1709649513766984,1050.5950464213781
182.5,-1.0378616507961071,1.3666880239590533,-0.18107200951017677,-0.5929353923880236,1.7999936567195571,1.2112446175362377,1040.8596702817024
183.0,-1.2429914723142164,1.4039474734640698,-0.3691720798781904,-0.32938079689114524,1.7364343484840028,1.2511175098335703,1032.4481688867913
183.5,-1.4089081298077173,1.4225327835176518,-0.5340757107475413,-0.047138276556279814,1.552650017412175,1.2905702377031967,1025.763775425634
184.0,-1.5316004405267283,1.4208642006038408,-0.6654214005175417,0.23777870621715003,1.2613652882037898,1.3295895516839695,1021.1032293006627
184.5,-1.6097421183043548,1.3983709262888127,-0.7549562164443143,0.5092049493002534,0.8827477607749327,1.3681623478687106,1018.6382153798617
185.0,-1.6447707344576434,1.3555204849215086,-0.7970543567571424,0.7517406683775029,0.4430116717428407,1.4062756723048817,1018.4046594382648
185.5,-1.6407930396351,1.2937952025982664,-0.7890706404740477,0.9516252273358965,-0.027397093396164345,1.4439167253449525,1020.3005523387062
186.0,-1.6043225985685652,1.2156169955695892,-0.7315067138511516,1.0975178690658827,-0.4959089735869802,1.4810728659449048,1024.0924396106714
186.5,-1.543866226065716,1.1242242997031806,-0.6279795301034837,1.181141150714718,-0.9300857418708638,1.5177316159095047,1029.430168608342
187.0,-1.469385212932811,1.0235074108470676,-0.484994082932249,1.1977505771056607,-1.2998664218985714,1.5538806640828642,1035.8689665759518
187.5,-1.391665197903822,0.9178106247413883,-0.31153467384693256,1.1464037869507313,-1.57964861140266,1.589507870482909,1042.897462321854
188.0,-1.3216342817344768,0.8117112565617627,-0.11850039545940896,1.030014019164102,-1.7500611086146762,1.6246012703783759,1049.9698907450886
188.5,-1.269672231728773,0.7097867980696559,0.08197969858877623,0.855184825782927,-1.7993051107829494,1.6591490783069291,1056.5404566354296
189.0,-1.2449541847568448,0.616382074685118,0.27730870667440943,0.6318354093114842,-1.723971124602782,1.6931396920331077,1062.0976984940799
189.5,-1.2548700891262634,0.535388264797974,0.4552133888495963,0.3726378415494267,-1.5292750283575989,1.726561696444694,1066.1966931221227
190.0,-1.3045563666849593,0.4700450392923771,0.6045153396456284,0.09229809415700649,-1.228696941602553,1.7594038673862942,1068.4870773976982
190.5,-1.3965692252898279,0.4227759013682966,0.7158333683998258,-0.19327832720842228,-0.8430479058697926,1.7916551754287282,1068.7351264856086
191.0,-1.530720151325553,0.3950651153084182,0.7821729539664907,-0.4678888061577603,-0.3990289963645498,1.823304789573092,1066.8385011806574
191.5,-1.7040839215504826,0.38738249403477076,0.7993657362045403,-0.7159528958684478,0.07261737296500514,1.854342080888121,1062.8327377127132
192.0,-1.911178633483113,0.39915987706952144,0.766331429375328,-0.9233962996381313,0.5392359534059726,1.8847566260797264,1056.8890721944344
192.5,-2.144306444943013,0.42882049707851466,0.6851457004686097,-1.0784493977003393,0.9685196038688022,1.9145382109914664,1049.3037363703195
193.0,-2.3940336153693176,0.4738597386975244,0.560909747411836,-1.1723150146585923,1.3307461314440183,1.9436768340347728,1040.4793972167467
193.5,-2.6497796886517984,0.5309731750936517,0.40142977204341135,-1.1996675407289106,1.6008361586201472,1.9721627095478054,1030.899906574908
194.0,-2.900478799399293,0.5962253590873433,0.21672648774207875,-1.1589550883812378,1.7600895371805385,1.9999862710817773,1021.0999473553524
194.5,-3.135271552741606,0.6652507693654834,0.018405481151645108,-1.052487541059368,1.7974800851731436,2.027138174613677,1011.6314835215427
195.0,-3.344184006662082,0.7334766741311168,-0.18107200951017102,-0.8863054984000058,1.7104190036087061,2.0536093016842636,1003.0291218917976
195.5,-3.5187510962024526,0.7963565579214053,-0.3691720798781953,-0.6698375535450241,1.5049341164175627,2.0793907624603607,995.7765621750046
196.0,-3.652545329748698,0.8496022191685404,-0.534075710747537,-0.4153653474445629,1.195252523677865,2.104473898720309,990.2762432794192
196.5,-3.7415775396558164,0.8894027137961783,-0.6654214005175447,-0.13732675111549308,0.802815563837945,2.1288502867616956,986.8240931019105
197.0,-3.7845445087086196,0.9126189902865945,-0.7549562164443123,0.14850328912076902,0.35479428571958205,2.1525117402302816,985.5909683362414
197.5,-3.7829079152125047,0.9169443000795496,-0.797054356757142,0.4259077674193769,-0.11779178584464403,2.175450312869236,986.6119504821537
198.0,-3.740799638319197,0.9010222107800754,-0.7890706404740468,0.6791477151182789,-0.5822223402391827,2.1976583011877464,989.7841706047415
198.5,-3.6647593755568346,0.864516209628017,-0.7315067138511494,0.8938551752714229,-1.006341728126247,2.219128247048082,994.8732995025662
199.0,-3.5633210609123243,0.8081273509746654,-0.6279795301034803,1.057848390729177,-1.3607853132104484,2.239852940170279,1001.5282954651979
199.5,-3.4464740721679843,0.7335590484728705,-0.48499408293225366,1.161822954818948,-1.6210125834084759,2.2598254205535735,1009.3034829478912
200.0,-3.3250330835812125,0.6434308054636824,-0.3115346738469275,1.1998797111323904,-1.7690062554700097,2.2790389808137856,1017.6865748643805
200.5,-3.209956160079139,0.5411452784482329,-0.11850039545941478,1.169859451214498,-1.794519732615433,2.297487168435874,1026.1308777411527
201.0,-3.1116539412490662,0.4307154460360911,0.08197969858878168,1.0734654205679104,-1.6957865453118648,2.3151637879408935,1034.0896561537597
201.5,-3.039333323198099,0.31656068823608663,0.27730870667440394,0.9161666824062659,-1.4796426558337286,2.332062902966619,1041.0504971918836
202.0,-3.0004168786582377,0.2032821648553696,0.4552133888495915,0.7068878219622685,-1.1610531586408965,2.348178838261178,1046.5675156998414
202.5,-3.000074496730103,0.09542893640384931,0.6045153396456246,0.457502596452678,-0.7620761462888875,2.3635061815889684,1050.2893767130374
203.0,-3.040896672414842,-0.002733257465819594,0.7158333683998284,0.1821602592462866,-0.3103354793992808,2.3780397855482565,1051.9813743336226
203.5,-3.1227299756341638,-0.08743878234536939,0.7821729539664918,-0.10351721973336717,0.16289179890766495,2.3917747692998397,1051.5401797462025
204.0,-3.2426850390317696,-0.1556134121690899,0.7993657362045401,-0.38332149043835134,0.624840982963269,2.4047065202061804,1049.0003317011322
204.5,-3.395316563785997,-0.20503040508442022,0.7663314293753265,-0.6413774283027506,1.0435282253788611,2.4168306953804795,1044.5320616458635
205.0,-3.5729640340644,-0.23442340085272162,0.6851457004686127,-0.863043833789952,1.3899649938067986,2.428143223145151,1038.4305901625428
205.5,-3.766231732760679,-0.24355038832039563,0.5609097474118321,-1.0357441233105709,1.6401651419053016,2.4386403043992164,1031.0975672610482
206.0,-3.96457789826628,-0.2332054842979945,0.4014297720434165,-1.1496798809869193,1.7768056314927123,2.4483184138941656,1023.0158227089078
206.5,-4.156976004219679,-0.2051779239991245,0.21672648774208444,-1.1983867868103466,1.7904259229319432,2.457174301417845,1014.7190129363125
207.0,-4.332606612347135,-0.16216035256489006,0.018405481151650985,-1.1791013797542516,1.680082991886525,2.465204992885977,1006.7580717231793
207.5,-4.48153632741114,-0.10761109012010897,-0.18107200951017638,-1.0929178469750631,1.4534166212346815,2.472407791340957,999.6665727071247
208.0,-4.595341193626396,-0.045577387684061686,-0.3691720798782001,-0.9447259434252547,1.1261204475436135,2.4787802778575694,993.9271801272707
208.5,-4.6676353627716365,0.019511321371126218,-0.5340757107475411,-0.7429335641044086,0.7208553851119276,2.4843203123553423,989.941295842701
209.0,-4.694471816273991,0.0830696410066599,-0.6654214005175478,-0.4989897092372154,0.26568065853869677,2.4890260343172543,988.0038098324503
209.5,-4.6745899627829655,0.14059037805802072,-0.7549562164443141,-0.2267349076810964,-0.2078889260191707,2.492895863414551,988.2845407151202
210.0,-4.609494554047563,0.18787472352914442,-0.7970543567571424,0.05838404671236699,-0.667064962730025,2.495928500037471,990.81753246941
210.5,-4.503360960721641,0.22124672252095054,-0.7890706404740478,0.3401904926444967,-1.0800556078379895,2.4981229257316966,995.4988799045543
211.0,-4.362772760087073,0.2377411061105919,-0.7315067138511518,0.6026957090661721,-1.4182667427213844,2.499478403540379,1002.0932195386379
211.5,-4.196308124063146,0.2352549156069829,-0.627979530103484,0.8310060597959238,-1.6582817369441956,2.4999944782516366,1010.2484780649785
212.0,-4.014000996224704,0.21265519425127838,-0.48499408293224927,1.0121680068180425,-1.7834827389955816,2.4996709765514233,1019.5179517338105
212.5,-3.8267109139387054,0.16983725963064059,-0.3115346738469329,1.1359030491348798,-1.7852012418606178,2.498508007081739,1029.3883293497556
213.0,-3.645441071811826,0.10773058780165778,-0.11850039545940937,1.1951908892899339,-1.6633182620336087,2.496505960404139,1039.311898127976
213.5,-3.4806474747514082,0.028252009107813225,0.08197969858878713,1.1866677407143338,-1.426272577546033,2.493665508868575,1048.7409088290644
214.0,-3.3415825887338793,-0.06579140005221798,0.27730870667440904,1.1108171773184872,-1.090476454635072,2.4899876063875963,1057.1619409189323
214.5,-3.2357147296785396,-0.170844782444616,0.455213388849596,0.9719426971843571,-0.679179316223396,2.485473488115997,1064.128108499888
215.0,-3.1682596718412306,-0.2827860643784795,0.6045153396456282,0.7779235569995208,-0.22085802807971466,2.480124670036016,1069.287083432948
215.5,-3.1418539058988078,-0.39713542040104693,0.7158333683998257,0.5397677303408287,0.2527547460292362,2.4739429484482134,1072.4031748941682
216.0,-3.156390076446062,-0.5092829671050161,0.7821729539664906,0.27098735340542435,0.7088676099688744,2.466930399368227,1073.3720780653705
216.5,-3.209024938219873,-0.6147230861367089,0.7993657362045399,-0.013167906766282312,1.1159008040259635,2.4590893778295744,1072.227365286342
217.0,-3.294359330302031,-0.709283438759369,0.7663314293753283,-0.29657606554577126,1.4456726839629737,2.4504225170927625,1069.1383118485126
217.5,-3.4047788589532777,-0.7893370047698283,0.6851457004686098,-0.5631575262482412,1.6753509256954289,2.4409327277609534,1064.3991930878512
218.0,-3.530933881740374,-0.8519863434105988,0.5609097474118363,-0.7977873807192534,1.7890333605743922,2.430623196802498,1058.4107253257325
218.5,-3.6623286327305054,-0.8952106891033313,0.4014297720434117,-0.9871535442031852,1.7788489894219939,2.4194973864806415,1051.6548168387521
219.0,-3.7879824707173353,-0.9179683882539539,0.21672648774207914,-1.1205120368947497,1.6455029447158456,2.407559033190802,1044.6642153952905
219.5,-3.8971217006144525,-0.9202494585834717,0.0184054811516455,-1.1902965601164026,1.3982276695275204,2.3948121462057594,1037.988959565322
220.0,-3.9798584970536486,-0.903075593506514,-0.18107200951017066,-1.1925477818818058,1.0541436934251645,2.3812610063292197,1032.1617418419228
220.5,-4.027814269569671,-0.868447611555758,-0.36917207987819495,-1.1271379756703352,0.6370742631215922,2.3669101644581945,1027.6643599889687
221.0,-4.034648299620824,-0.8192430283261796,-0.5340757107475452,-0.9977782671872013,0.17589589895643346,2.351764440054652,1024.8973646534314
221.5,-3.9964584317437586,-0.7590689694814883,-0.6654214005175445,-0.8118080779530764,-0.2974609207242908,2.335828919527006,1024.1548104487451
222.0,-3.912028640380526,-0.6920779185683631,-0.754956216444316,-0.5797787119641433,-0.7502225212318477,2.31910895452193,1025.60569704694
222.5,-3.782907915212507,-0.6227556868090138,-0.7970543567571419,-0.31485471127245457,-1.1510411733485064,2.3016101601271175,1029.2832664604375
223.0,-3.6133155066472926,-0.5556924072258543,-0.789070640474047,-0.0320669454958496,-1.4721655073517215,2.2833384129855476,1035.0828290621193
223.5,-3.40987848346891,-0.49534822029661085,-0.7315067138511542,0.25254018762961256,-1.6913619268934987,2.264299849321932,1042.7682550012491
224.0,-3.1812180910402055,-0.4458255887813812,-0.6279795301034805,0.5228190657701806,-1.7934539903376054,2.244500862881977,1051.9867231950943
224.5,-2.9374108988007652,-0.41065984162949803,-0.484994082932254,0.7634350021205955,-1.7713731778348722,2.2239481027851604,1062.2908012230896
225.0,-2.689358593189652,-0.3926386181671665,-0.31153467384692785,0.9607362823861365,-1.6266482924694674,2.2026484712917602,1073.1664688237106
225.5,-2.4481060122062854,-0.3936594114031703,-0.11850039545940393,1.103528715737088,-1.3692996109441447,2.180609121484838,1084.065324236578
226.0,-2.2241502699310303,-0.4146324682791835,0.08197969858878129,1.1837107543993206,-1.0171451124646276,2.1578374548680364,1094.438949809541
226.5,-2.0267843791193854,-0.45543399392174344,0.2773087066744142,1.1967331473964105,-0.594566820260509,2.1343411188798997,1103.773277616665
227.0,-1.8635166122871878,-0.5149120441490238,0.4552133888495911,1.1418570492830935,-0.13082267021340063,2.110128004325638,1111.6207958329912
227.5,-1.7396020827198406,-0.59094480621314,0.6045153396456318,1.0221959396751217,0.3419792127262674,2.0852062427271427,1117.6285722858372
228.0,-1.6577159755959285,-0.6805482987705949,0.715833368399823,0.8445389752066792,0.791103575870522,2.0595842035921668,1121.5603344250944
228.5,-1.617788958964781,-0.7800280043457489,0.7821729539664917,0.618965796312964,1.1854545203952955,2.0332704916035818,1123.3112184126462
229.0,-1.6170151139112647,-0.8851667093521718,0.7993657362045405,0.35827464336630416,1.4977284794524839,2.0062739437296675,1122.914260657689
229.5,-1.6500318831770207,-0.9914389820940973,0.7663314293753266,0.07725622887376643,1.7063046276469327,1.9786036262563524,1120.53822397771
230.0,-1.709260728908135,-1.094241362060553,0.685145700468607,-0.20814543628814744,1.796741836120703,1.9502688317425085,1116.476895042609
230.5,-1.7853870922084114,-1.1891265333900258,0.5609097474118324,-0.48173765079161734,1.7627785289820852,1.9212790758991893,1111.1305256504697
231.0,-1.8679494942892536,-1.272029552400502,0.401429772043407,-0.7279977406096743,1.60676621429695,1.8916440943939699,1104.9805840157392
231.5,-1.946000761197045,-1.3394746038916132,0.2167264877420848,-0.9329537617414598,1.3395066733778,1.861373839581403,1098.5594026073861
232.0,-2.008799822269791,-1.3887517529078703,0.01840548115164001,-1.0849772198905734,0.9795040808501373,1.830478477160702,1092.416629743335
232.5,-2.0464906113762544,-1.4180546872662827,-0.18107200951016492,-1.1754428309289795,0.5516838362522334,1.7989683827617982,1087.0845929794366
233.0,-2.0507254103345063,-1.426572433522469,-0.3691720798781998,-1.1992178896247392,0.0856668110678099,1.7668541384608436,1083.0447507072709
233.5,-2.0151934647742085,-1.4145303739256136,-0.5340757107475324,-1.1549534815477531,-0.3862815033276587,1.734146529226463,1080.6973399990366
234.0,-1.936021654755486,-1.3831784748333404,-0.6654214005175476,-1.0451610157994062,-0.8314849525347062,1.7008565392977903,1080.336127905821
234.5,-1.8120220416964377,-1.3347273264315234,-0.7549562164443103,-0.8760697363643475,-1.2191191089586437,1.6669953484956341,1082.1298527468214
235.0,-1.644770734457647,-1.2722352524181204,-0.7970543567571424,-0.6572732963961451,-1.5223454541442252,1.632574328467926,1086.1115215702534
235.5,-1.438513116243027,-1.1994522411079191,-0.789070640474046,-0.40118544758751534,-1.7201695898256337,1.5976050388707939,1092.1762363344512
236.0,-1.1999013843398143,-1.1206286491972708,-0.731506713851152,-0.12233572692308384,-1.7988948212498164,1.5620992234864481,1100.0876854666324
236.5,-0.9375808910992129,-1.0402984241243716,-0.6279795301034772,0.16345489889222722,-1.7530704714280452,1.5260688062792485,1109.492892979057
237.0,-0.6616512749125497,-0.9630478891384315,-0.4849940829322586,0.4399716602511626,-1.5858692681450548,1.4895258873912776,1119.9442984693585
237.5,-0.3830362373236577,-0.8932818707118201,-0.3115346738469228,0.6915259544741549,-1.3088676746863173,1.4524827390787118,1130.9277807051308
238.0,-0.11280156250190299,-0.8349990833228809,-0.118500395459421,0.9038454627512068,-0.941244373464122,1.4149518015904508,1141.8948640352257
238.5,0.13853577259302613,-0.7915882150033915,0.08197969858878675,1.064883912045919,-0.5084523969084476,1.3769456789902557,1152.2970840474911
239.0,0.36166398922955945,-0.7656551024140184,0.27730870667439805,1.1655045388770378,-0.04045684292826879,1.3384771349239282,1161.620353218787
239.5,0.5490571586806708,-0.7588898003108066,0.45521338884959567,1.1999984776121213,0.43033981025224727,1.2995590883328754,1169.4171673031947
240.0,0.6954436333150329,-0.7719803177915106,0.6045153396456204,1.1664086617174347,0.8713411454812744,1.2602046091155232,1175.3346288781086
240.5,0.798132826805456,-0.8045774162077675,0.7158333683998255,1.0666408609302607,1.252013675762925,1.2204269137380348,1179.1365272907278
241.0,0.857179813706324,-0.8553122622237275,0.7821729539664929,0.906355554489104,1.5460008828181029,1.1802393607958186,1180.7180877050464
241.5,0.8753774090602269,-0.9218660367250511,0.7993657362045403,0.694646775159927,1.7329480560222958,1.1396554465272744,1180.1124625761802
242.0,0.8580762287573854,-1.0010879533212702,0.7663314293753251,0.44352614533534224,1.799911585853399,1.098688800281347,1177.488557731811
242.5,0.8128440399720787,-1.089155673891907,0.6851457004686159,0.16724137921039361,1.7422551369900017,1.057353179940362,1173.1403297182976
243.0,0.7489858089909478,-1.1817699486514925,0.5609097474118284,-0.11853208314092167,1.5639706529727802,1.0156624672996923,1167.4682269600203
243.5,0.676954606637532,-1.2743735645920495,0.4014297720434219,-0.3975804459067441,1.2774019671180707,0.9736306634058385,1160.9539409128065
244.0,0.6076903893071687,-1.3623834477363677,0.2167264877420795,-0.6540714721178423,0.9023901559577384,0.9312718838543939,1154.1300537490827
244.5,0.5519282054570378,-1.4414240944923136,0.018405481151657254,-0.8734527499010365,0.4648998081329597,0.8886003540496422,1147.5464897811858
245.0,0.5195192984941847,-1.5075504396811987,-0.18107200951017027,-1.0432773458930547,-0.004778678620444652,0.8456304044271773,1141.7358786611683
245.5,0.5188077666623903,-1.557448806969539,-0.36917207987820466,-1.1539100011003296,-0.47412630532903516,0.8023764656413099,1137.1800067715706
246.0,0.5561019496606644,-1.5886057040482946,-0.5340757107475363,-1.199073802100314,-0.910646980684576,0.7588530637188193,1134.2794648455138
246.5,0.6352737596793877,-1.5994358630879546,-0.6654214005175506,-1.1762063113543013,-1.2841174438947023,0.7150748151806126,1133.3283990225937
247.0,0.7575111353004627,-1.5893630032933836,-0.7549562164443121,-1.0866049510324096,-1.568679824198311,0.6710564221330984,1134.4959518782887
247.5,0.9212391754127981,-1.5588492010092108,-0.7970543567571429,-0.9353533917762469,-1.7446319550838327,0.6268126673307123,1137.8155596078152
248.0,1.1222149114837792,-1.509371371074152,-0.7890706404740488,-0.7310331228459673,-1.7997914877211314,0.5823584092114314,1143.1827779131106
248.5,1.353789766164408,-1.4433460576013044,-0.7315067138511497,-0.48523656816141963,-1.7303393568649785,0.5377085769068193,1150.3617732506264
249.0,1.6073232098275434,-1.3640063657976076,-0.6279795301034878,-0.21190937234657728,-1.5410842004149297,0.4928781652283995,1159.0000716198633
249.5,1.8727216262868196,-1.2752373046651408,-0.48499408293225427,0.07344082681353697,-1.245129425088253,0.44788222963188096,1168.6506382196776
250.0,2.139068531556528,-1.181377929231929,-0.31153467384693867,0.35462424799357445,-0.8629659694876072,0.4027358811611081,1178.7999006726316
250.5,2.3953065494325116,-1.0870003623940383,-0.11850039545941556,0.6156875184096303,-0.42105357867424703,0.35745428137325114,1188.8999550601504
251.0,2.630928295564525,-0.9966769543434478,0.08197969858879221,0.841818812898976,0.050011181853292515,0.31205263724711996,1198.402931188407
251.5,2.83663276190067,-0.9147474418960997,0.2773087066744032,1.0201882255447605,0.5176133320692384,0.26654619607618013,1206.7953578311015
252.0,3.0049059610820583,-0.8450979700349985,0.45521338884960016,1.1406756940714542,0.9493776317366593,0.22095024034801247,1213.630368695289
252.5,3.130489349349924,-0.7909632336427408,0.6045153396456241,1.1964451771038154,1.3154101359258594,0.17528008261199293,1218.5557255302472
253.0,3.210706597773313,-0.754761819505505,0.7158333683998279,1.1843325074621185,1.590367953779426,0.1295510603368547,1221.3358976222069
253.5,3.245628182055284,-0.7379731372365397,0.7821729539664892,1.105024916041391,1.7552139072091189,0.08377853075988606,1221.8668103753466
254.0,3.2380634515842774,-0.7410622089621725,0.7993657362045401,0.9630220407122403,1.7985346027095663,0.03797786572948473,1220.1823363062078
254.5,3.193380678461794,-0.7634561493840109,0.76633142937533,0.7663806324631585,1.7173306573151186,-0.007835553457167592,1216.4521206316467
255.0,3.1191663958380653,-0.8035735343949535,0.6851457004686071,0.5262574432725664,1.5172243660453701,-0.05364634121967539,1210.9708781082022
255.5,3.0247454328791847,-0.8589051619480395,0.5609097474118326,0.2562762306692086,1.2120704326262284,-0.09943911286132666,1204.1398336718069
256.0,2.920591806578516,-0.9261420906297357,0.40142977204340735,-0.028245207052654743,0.822996715214763,-0.14519848973580457,1196.4414730590208
256.5,2.817667488436276,-1.0013444327621857,0.2167264877420852,-0.3111641096194015,0.37694140275063387,-0.19090910441180056,1188.409189947835
257.0,2.726730595861297,-1.08014230256407,0.018405481151640403,-0.5764286390480625,-0.09521209695177217,-0.2365556058338612,1180.5937368248053
257.5,2.657656479249054,-1.157958681714677,-0.18107200951016456,-0.8089886053004164,-0.560773423134693,-0.2821226644778018,1173.5285876172795
258.0,2.6188143653464913,-1.230242848052159,-0.36917207987819944,-0.9956493619044875,-0.9875086355280603,-0.32759497749877875,1167.6963885055354
258.5,2.6165387266489373,-1.292702474979563,-0.534075710747549,-1.1258204244648793,-1.345871986721524,-0.3729572738705123,1163.4986049536187
259.0,2.654728594526001,-1.341522576870665,-0.6654214005175474,-1.1921163380425848,-1.6110515728739414,-0.4181943195137536,1161.230272165738
259.5,2.7345999945356323,-1.3735601459099047,-0.7549562164443177,-1.1907757022715526,-1.7646872286104323,-0.46329092241236913,1161.0614355063494
260.0,2.8546070610901833,-1.386504564226576,-0.7970543567571423,-1.1218745801790106,-1.796141724694219,-0.5082319377152963,1163.026447065289
260.5,3.01053678982845,-1.3789956187998513,-0.7890706404740461,-0.9893221826329505,-1.7032372549138328,-0.5530022728226619,1167.0217909170467
261.0,3.1957714756846824,-1.3506931065866166,-0.7315067138511521,-0.8006390732661616,-1.4924062202469943,-0.5975868924543286,1172.8125737322957
261.5,3.401702348268806,-1.3022944836167838,-0.6279795301034774,-0.5665304777606357,-1.1782458705001664,-0.6419708236992561,1180.0472729220603
262.0,3.6182684158187737,-1.23549965876176,-0.484994082932259,-0.30027890644494243,-0.7825076385770162,-0.6861391610438338,1188.2798156419587
262.5,3.834586661601682,-1.1529247256583766,-0.3115346738469231,-0.01699055069299376,-0.3325911425579075,-0.7300770713776238,1196.9976013572928
263.0,4.039633996557532,-1.057969027676393,-0.11850039545939889,0.26726179001894285,0.1403528740490981,-0.7737697989748095,1205.653707212137
263.5,4.222938119873115,-0.9546423283201362,0.08197969858878636,0.5363506230489117,0.6035793176868147,-0.8172026704495918,1213.7012526228616
264.0,4.375233879381957,-0.8473608919294873,0.27730870667441904,0.7750087806268471,1.0250159076996797,-0.8603610996840182,1220.6277638426832
264.5,4.489043891384934,-0.7407228634456902,0.4552133888495953,0.9696956260401794,1.3754837559237274,-0.9032305927264188,1225.9873792438596
265.0,4.559146938471316,-0.6392743906380947,0.6045153396456351,1.1093653024315613,1.6307176172647166,-0.9457967526589351,1229.4288717380243
265.5,4.582904715164671,-0.5472784038218748,0.7158333683998253,1.1860934364337932,1.7730459357348878,-0.9880452844324714,1230.7177275779052
266.0,4.560426391669776,-0.46849783270306633,0.7821729539664928,1.1955267396502156,1.7926143650681303,-1.0299619996674232,1229.7508942413472
266.5,4.494560656404671,-0.40600430446685776,0.7993657362045403,1.137129999150547,1.688068051356193,-1.0715328214185438,1226.563270725248
267.0,4.390715738067329,-0.362022069046881,0.7663314293753252,1.014216443597595,1.4666454386925436,-1.1127437889024627,1221.3255324300098
267.5,4.256518716587111,-0.33781510281752003,0.6851457004686043,0.8337597621360032,1.1436771030284816,-1.1535810621861387,1214.3334272928746
268.0,4.101335530303126,-0.33362314216841804,0.5609097474118288,0.6059984414399123,0.7415243133429449,-1.1940309268347253,1205.9892157195404
268.5,3.93568183960145,-0.348649905623153,0.4014297720434026,0.3438548694636775,0.288030810670932,-1.2340797985173524,1196.7764204957384
269.0,3.7705617650544405,-0.38110410434983716,0.21672648774207992,0.062202163936404604,-0.18540500126293533,-1.2737142275691136,1187.2294732172952
269.5,3.6167760499356407,-0.42829115153745284,0.018405481151634914,-0.22297967679060096,-0.6460039786051284,-1.3129209035079283,1177.9001644459263
270.0,3.4842431180841116,-0.486750898191306,-0.18107200951016988,-0.49551042346594987,-1.0618757578543359,-1.3516866595045989,1169.323005630023
270.5,3.381375687748929,-0.5524343780245151,-0.36917207987820433,-0.7399276260684405,-1.4042267401043957,-1.389998476804648,1161.9816792057222
271.0,3.3145521111791747,-0.6209105567519376,-0.5340757107475361,-0.9423638996306664,-1.6493536654566041,-1.4278434891004235,1156.2786849175473
271.5,3.2877156576768174,-0.6875925524786415,-0.6654214005175505,-1.0913337116003459,-1.7802847490439402,-1.465208986852011,1152.5100895659568
272.0,3.302126918592358,-0.7479718018925362,-0.7549562164443194,-1.1783850311502033,-1.7879547517872438,-1.5020824215554813,1150.8469667204304
272.5,3.3562848914476757,-0.7978482421595505,-0.7970543567571429,-1.1985788681140206,-1.671832627836279,-1.538451409957093,1151.3246925799135
273.0,3.4460217015611416,-0.8335447814021686,-0.7890706404740452,-1.1507694941708677,-1.439958292443785,-1.57430373821196,1153.8407705302238
273.5,3.5647650091870373,-0.8520951310773524,-0.73150671385115,-1.037669447499159,-1.1083859645856349,-1.6096273659858504,1158.1613210569917
274.0,3.7039516138045925,-0.8513954306793428,-0.627979530103474,-0.865695632761536,-0.7000726254591788,-1.6444104304987066,1163.935829195012
274.5,3.8535662668390813,-0.830311939835697,-0.4849940829322546,-0.6446052481743972,-0.2432885523505581,-1.6786412505085253,1170.7192228419126
275.0,4.002771836712816,-0.7887393110647516,-0.3115346738469181,-0.38694219589760437,0.2303400227041153,-1.7123083302343156,1177.9998946373826
275.5,4.140591230041483,-0.7276064741908113,-0.11850039545941596,-0.10732538450123272,0.6880206095644933,-1.7454003632167119,1185.2319066515909
276.0,4.256598220685021,-0.6488298324011416,0.08197969858879182,0.17838069724033784,1.098064904520765,-1.7779062361150428,1191.8693543036939
276.5,4.3415737785700514,-0.5552161542017049,0.2773087066744028,0.4539660764574811,1.4320827845786295,-1.8098150324395488,1197.4007302574726
277.0,4.388086657900971,-0.4503201083321024,0.45521338884959983,0.7037949938654099,1.6669479465221324,-1.8411160362174852,1201.381129041211
277.5,4.390961763360191,-0.33826369947024737,0.6045153396456387,0.9136930225547579,1.7863990963479472,-1.8717987355918555,1203.4602688127159
278.0,4.347606864144369,-0.2235268035673932,0.7158333683998278,1.0717512758484233,1.782165827963179,-1.901852826351652,1203.404569513221
278.5,4.258177126133994,-0.1107194740186134,0.7821729539664939,1.169002076257501,1.6545412389955656,-1.9312682153923086,1201.1119001115023
279.0,4.125567122902325,-0.004347618580173712,0.7993657362045401,1.1999277504214136,1.4123616376743782,-1.9600350241052975,1196.6180682662696
279.5,3.955230826334636,0.0914160153208198,0.7663314293753236,1.1627736827712316,1.072394745811076,-1.9881435916956771,1190.094644587867
280.0,3.7548408862296405,0.17294387968221955,0.6851457004686132,1.0596478663357771,0.658178756700236,-2.0155844784264665,1181.8382581580775
280.5,3.533808606246399,0.23733788707059122,0.5609097474118249,0.8964013025230698,0.19839262776596822,-2.0423484687888305,1172.2520358578422
281.0,3.3026947764506507,0.2825765066381866,0.40142977204341745,0.6822960355791866,-0.275129556449935,-2.068426574596923,1161.8203516850087
281.5,3.072548380524205,0.30761720126385744,0.21672648774207462,0.4294796562981397,-0.7296026719602362,-2.0938100380064033,1151.0784726010002
282.0,2.8542147275332157,0.3124489872713361,0.01840548115165216,0.152296089821966,-1.1335604898582348,-2.118490334455598,1140.5790081141074
282.5,2.65765647924905,0.29809243924704437,-0.18107200951017524,-0.13352822895848074,-1.4590342948717818,-2.142459175528304,1130.8572716389954
283.0,2.4913302336745824,0.26654713995529256,-0.3691720798782092,-0.41177661881390965,-1.6834893475362747,-2.165708511737316,1122.3977300481572
283.5,2.3616578345610018,0.2206892528245678,-0.5340757107475402,-0.666662230465264,-1.791385115694082,-2.188230535227683,1115.6036494549357
284.0,2.2726256246538825,0.16412443554703013,-0.6654214005175535,-0.8837237376975728,-1.7752512500042992,-2.2100176823988344,1110.7718444358413
284.5,2.225536821168416,0.10100358853677285,-0.7549562164443138,-1.0506458228885676,-1.6362048064458583,-2.2310626364446753,1108.074117231151
285.0,2.218932570698626,0.0358108254166035,-0.7970543567571433,-1.157957905448021,-1.3838729050228735,-2.251358329810798,1107.546553105959
285.5,2.2486866419556,-0.026865532112429133,-0.7890706404740481,-1.1995714697368252,-1.035726179530039,-2.27089794656798,1109.087344421622
286.0,2.308267804366653,-0.08256726782166143,-0.7315067138511476,-1.173125506342772,-0.6158691681315527,-2.2896749247012087,1112.4632800765146
286.5,2.3891534041900937,-0.12719395528348285,-0.6279795301034846,-1.0801204675716496,-0.15337139414545273,-2.307682958313383,1117.3244924972792
287.0,2.4813681494477313,-0.15721241307147446,-0.48499408293225027,-0.925833136983717,0.31974531247104,-2.324915999743052,1123.2265355088093
287.5,2.574114247591411,-0.1698372596306358,-0.311534673846934,-0.7190172429829831,0.7707239016704567,-2.3413682615953997,1129.6584057844927
288.0,2.656453299738609,-0.16317336898146573,-0.11850039545941052,-0.47140680260645473,1.168340094094254,-2.357034218685837,1136.074747120665
288.5,2.7179971032037415,-0.13631296943131,0.08197969858879728,-0.19705037406556605,1.4850642478321965,-2.371908609895528,1141.9302139564184
289.0,2.749563954261447,-0.08938243823672065,0.27730870667440793,0.08848600975680003,1.6989674205956125,-2.3859864399382444,1146.7138348861256
289.5,2.743759210775962,-0.023536407963898,0.4552133888496044,0.3690020040630406,1.7952396578056766,-2.399262981037929,1149.9812169120132
290.0,2.6954436333150484,0.0591005154327231,0.6045153396456273,0.6285821035566551,1.767215385306256,-2.4117337745164407,1151.382566857958
290.5,2.602060074612398,0.15554145380626544,0.7158333683998301,0.8524986330527978,1.6168349118709677,-2.4233946322909183,1150.6847691884839
291.0,2.4637979876927494,0.2620888905513149,0.7821729539664903,1.0280473447242857,1.3545100885834547,-2.434241638280259,1147.7861329345155
291.5,2.283585413382027,0.3745225119410254,0.7993657362045399,1.1452682130927971,0.9984034263947935,-2.4442711497202736,1142.722881054174
292.0,2.0669089479899925,0.48831368648813284,0.7663314293753285,1.1975105323546036,0.5731705833961557,-2.45347979838703,1135.6669744098542
292.5,1.821473000552242,0.5988556556428903,0.6851457004686105,1.1818102543777538,0.10825328786512455,-2.4618644917280204,1126.9154070205636
293.0,1.5567197470112473,0.7016977087041568,0.5609097474118372,1.0990581585201835,-0.3641591104994585,-2.4694224139007264,1116.8716451395408
293.5,1.2832399416040343,0.7927714118385955,0.4014297720434128,0.9539493118961895,-0.8113583256452409,-2.47615102671827,1106.0203763394038
294.0,1.0121116035359283,0.8685973659137648,0.21672648774206935,0.754716687540698,-1.202381749685343,-2.4820480705018193,1094.8971551439238
294.5,0.7542081288491125,0.9264619598332755,0.018405481151646672,0.5126640540534413,-1.5101562023836765,-2.4871115648394566,1084.0548524142253
295.0,0.5195192984941894,0.9645551146770174,-0.18107200951018057,0.2415246389452885,-1.7133723894174535,-2.4913398092512655,1074.0290165291794
295.5,0.31652784327032746,0.9820620013193684,-0.3691720798781939,-0.043318047093404734,-1.7979602880713113,-2.4947313837604,1065.3043227758262
296.0,0.15168073543191407,0.9792040590754437,-0.5340757107475443,-0.3257030172730104,-1.7580633094933995,-2.497285149369963,1058.2842189895528
296.5,0.028988424712901528,0.9572272258454748,-0.6654214005175438,-0.5896087270836203,-1.596443789711493,-2.4990002484455127,1053.2656746518794
297.0,-0.050222802719815496,0.9183379796015805,-0.7549562164443157,-0.820062081202734,-1.3242917345403298,-2.4998761050030875,1050.4206199848818
297.5,-0.08738978516735918,0.8655904498754172,-0.7970543567571418,-1.0039879550296116,-0.960450060256342,-2.4999124249026345,1049.785241224539
298.0,-0.08661780774879746,0.8027303507025942,-0.7890706404740472,-1.13095103193905,-0.5301099718351943,-2.499109195946795,1051.2578046229733
298.5,-0.05441823815740693,0.7340036862622262,-0.7315067138511546,-1.193747866979541,-0.06306680648799584,-2.497466687884998,1054.6051458385646
299.0,0.0007050358411396507,0.6639399751464364,-0.6279795301034813,-1.1888155853740003,0.4083428978285679,-2.4949854523228723,1059.477416895157
299.5,0.06879437847987185,0.59712103737207,-0.48499408293224583,-1.1164340276862803,0.8514802783113338,-2.4916663225369966,1065.4301640386059
300.0,0.13906853155653345,0.5379471237682405,-0.3115346738469289,-0.9807098726374752,1.2356639551922015,-2.4875104131950647,1071.9523491922214
